http://www.nasa.gov/multimedia/videogallery/index.html?media_id=93985151	0	0
http://www.epa.gov/airquality/oilandgas/actions.html	0	0
http://www.whitehouse.gov/search/site/"debt limit plan"	1	1
http://apod.nasa.gov/apod/ap100927.html	0	0
http://www.nasa.gov/multimedia/imagegallery/image_feature_2023.html	0	0
http://www.nasa.gov/multimedia/imagegallery/image_feature_2023.html	0	0
http://www.tax.ok.gov/faq/faqsth016.html	0	0
http://www.spc.noaa.gov/products/watch/ww0702.html	0	0
http://hensarling.house.gov/news/press-releases/2011/07/hensarling-statement-on-passage-of-the-budget-control-act-of-2011.shtml	1	0
http://www.whitehouse.gov/blog/2011/07/29/president-obama-calls-american-people-make-their-voices-heard?utm_source=email124&utm_medium=graphic&utm_campaign=deficit	1	0
http://www.nj.gov/governor/admin/internship.html	0	0
http://www.fbi.gov/news/pressrel/press-releases/fbis-top-ten-news-stories-for-the-week-ending-july-29-2011?utm_medium=twitter&utm_source=twitterfeed	0	0
http://clerk.house.gov/evs/2011/roll677.xml	0	0
http://timjohnson.house.gov/index.cfm?sectionid=29&parentid=7&sectiontree=7,29&itemid=456	1	0
http://clerk.house.gov/evs/2011/roll677.xml	0	0
http://www.fta.dot.gov/funding/grants/about_FTA_12809.html	0	0
http://www.jpl.nasa.gov/news/news.cfm?release=2011-232	0	0
http://www.usa.gov/gobiernousa/	0	0
http://clerk.house.gov/evs/2011/roll677.xmlRT	0	0
http://clerk.house.gov/evs/2011/roll677.xml	0	0
http://esp.fda.gov/TobaccoProducts/Labeling/CigaretteWarningLabels/default.htm	0	0
http://www.nasa.gov/multimedia/imagegallery/image_feature_2022.html	0	0
http://www.srh.noaa.gov/hazards/?wfo=lzk	0	0
http://www.fbi.gov/news/podcasts/thisweek/weapons-of-mass-destruction-directorate-fifth-anniversary/view?utm_medium=twitter&utm_source=twitterfeed	0	0
http://clerk.house.gov/evs/2011/roll677.xml	0	0
http://www.tax.ok.gov/faq/faqsth016.html	0	0
http://www.fbi.gov/news/pressrel/press-releases/fbis-top-ten-news-stories-for-the-week-ending-july-29-2011?utm_medium=twitter&utm_source=twitterfeed	0	0
http://www.whitehouse.gov/blog/2011/07/26/infographic-where-does-our-national-debt-come?utm_source=email124&utm_medium=graphic&utm_campaign=deficit	1	1
http://clerk.house.gov/evs/2011/roll677.xml	0	0
http://clerk.house.gov/evs/2011/roll677.xml	0	0
http://www.nasa.gov/topics/technology/features/webb-eyes.html	0	0
http://clerk.house.gov/evs/2011/roll677.xml	0	0
http://timjohnson.house.gov/index.cfm?sectionid=29&parentid=7&sectiontree=7,29&itemid=456	1	0
http://photojournal.jpl.nasa.gov/catalog/PIA13927	0	0
http://www.fdic.gov/BANK/INDIVIDUAL/FAILED/heritagebank.html	0	0
http://www.recovery.gov/News/press/Pages/20110726_DOE_HomeEnergyUsePilotProgramResults.aspx	0	0
http://sanders.senate.gov/newsroom/news/?id=23d554d6-dd0c-41a5-8b80-a95eb72be82a	1	0
http://www.nasa.gov/audience/forkids/kidsclub/text/Elmo-visits-NASA.html	0	0
http://senate.gov/artandhistory/art/special/Bassett/events/images_large/38_00502.jpg	0	0
http://earthobservatory.nasa.gov/NaturalHazards/view.php?id=51502	0	0
http://www.ninds.nih.gov/news_and_events/news_articles/mitos_fragmented_in_HD.htm	0	0
http://www.srh.noaa.gov/hazards/?wfo=lzk	0	0
http://frelinghuysen.house.gov/	0	0
http://clerk.house.gov/evs/2011/roll677.xml	0	0
http://mcconnell.senate.gov/public/index.cfm?p=PressReleases&ContentRecord_id=0f814fe7-787c-4da7-8026-6456d97a776c&ContentType_id=c19bc7a5-2bb9-4a73-b2ab-3c1b5191a72b&Group_id=0fd6ddca-6a05-4b26-8710-a0b7b59a8f1f&MonthDisplay=7&YearDisplay=2011	0	0
http://www.spc.noaa.gov/products/watch/ww0701.html	0	0
http://www.whitehouse.gov/sites/default/files/microsites/ostp/jhm-statement.pdf	0	0
http://www.nasa.gov/multimedia/imagegallery/image_feature_2023.html	0	0
http://rooney.house.gov/images/stories/President_Obamas_Plan.pdf	0	0
http://www.nasa.gov/multimedia/imagegallery/image_feature_2023.html	0	0
http://www.wv.gov/news/Pages/GovernorSignsProclamationCallingLegislatureintoSpecialSession.aspx	0	0
http://memory.loc.gov/cgi-bin/ampage?collId=hhsheet&fileName=ky/ky0000/ky0054/sheet/browse.db&action=browse&recNum=0&title2=Shaker Centre Family Dwelling House, North side of Village Road, North of U.S. Route 68 %26 State Route 33, Pleasant Hill, Mercer, KY&displayType=1&maxCols=2&itemLink=D?hh:4:./temp/~ammem_cuG3::@@@mdb=mcc,gottscho,detr,nfor,wpa,aap,cwar,bbpix,cowellbib,calbkbib,consrvbib,bdsbib,dag,fsaall,gmd,pan,vv,presp,varstg,suffrg,nawbib,horyd,wtc,toddbib,mgw,ncr,ngp,musdibib,hlaw,papr,lhbumbib,rbpebib,lbcoll,alad,hh,aaodyssey,magbell,bbc,dcm,raelbib,runyon,dukesm,lomaxbib,mtj,gottlieb,aep,qlt,coolbib,fpnas,aasm,denn,relpet,amss,aaeo,mff,afc911bib,mjm,mnwp,rbcmillerbib,molden,ww2map,mfdipbib,afcnyebib,klpmap,hawp,omhbib,rbaapcbib,mal,ncpsbib,ncpm,lhbprbib,ftvbib,afcreed,aipn,cwband,flwpabib,wpapos,cmns,psbib,pin,coplandbib,cola,tccc,curt,mharendt,lhbcbbib,eaa,haybib,mesnbib,fine,cwnyhs,svybib,mmorse,afcwwgbib,mymhiwebib,uncall,afcwip,mtaft,manz,llstbib,fawbib,berl,fmuever,cdn,upboverbib,mussm,cic,afcpearl,awh,awhbib,sgp,wright,lhbtnbib,afcesnbib,hurstonbib,mreynoldsbib,spaldingbib,sgproto,scsmbib,afccalbib,mamcol	0	0
http://speaker.gov/Components/Redirect/r.aspx?ID=159425-12541252	1	0
http://www.nasa.gov/multimedia/imagegallery/image_feature_2023.html	0	0
http://mcconnell.senate.gov/public/index.cfm?p=PressReleases&ContentRecord_id=0f814fe7-787c-4da7-8026-6456d97a776c&ContentType_id=c19bc7a5-2bb9-4a73-b2ab-3c1b5191a72b&Group_id=0fd6ddca-6a05-4b26-8710-a0b7b59a8f1f&MonthDisplay=7&YearDisplay=2011	0	0
http://www.nasa.gov/multimedia/imagegallery/image_feature_2023.html	0	0
http://www.nasa.gov/multimedia/imagegallery/image_feature_2023.html	0	0
http://burton.house.gov/	1	0
http://foreignaffairs.house.gov/hearings_livestream.asp?secondary	0	0
http://www.okc.gov/bluegreenalgaeJuly29.html	0	0
http://www.whitehouse.gov/search/site/"debt limit plan"	1	1
http://clerk.house.gov/evs/2011/roll677.xml	0	0
http://studentaid.ed.gov/PORTALSWebApp/students/english/campusaid.jsp#02	0	0
http://rooney.house.gov/images/stories/President_Obamas_Plan.pdf	0	0
http://clerk.house.gov/evs/2011/roll677.xml	0	0
http://www.whitehouse.gov/blog/2010/01/07/release-security-review-conducted-after-failed-christmas-terrorist-attack-0	1	0
http://www.weather.gov/ptwc/?region=1&id=pacific.2011.07.29.074919	0	0
http://www.whitehouse.gov/blog/2011/07/29/president-obama-announces-new-fuel-economy-standards	1	0
http://www.navy.mil/view_single.asp?id=104902	0	0
http://clerk.house.gov/evs/2011/roll677.xml	0	0
http://www.parks.ca.gov/?page_id=478	0	0
http://www.fbi.gov/news/pressrel/press-releases/fbis-top-ten-news-stories-for-the-week-ending-july-29-2011?utm_medium=twitter&utm_source=twitterfeed	0	0
http://www.whitehouse.gov/search/site/"debt limit plan"	1	1
http://wh.gov/CrK	1	0
http://earthobservatory.nasa.gov/NaturalHazards/view.php?id=51502	0	0
http://www.whitehouse.gov/search/site/"debt limit plan"	1	1
http://timjohnson.house.gov/index.cfm?sectionid=29&parentid=7&sectiontree=7,29&itemid=456	1	0
http://clerk.house.gov/evs/2011/roll677.xml	0	0
http://clerk.house.gov/evs/2011/roll677.xml	0	0
http://www.defense.gov/News/NewsArticle.aspx?ID=64815	0	0
http://www.nasa.gov/multimedia/imagegallery/image_feature_2023.html	0	0
http://www.cancer.gov/ncicancerbulletin/072611/page6?cid=FBen+sf1887699	0	0
http://www.srh.noaa.gov/hazards/?wfo=lzk	0	0
http://www.parks.ca.gov/?page_id=478	0	0
http://www.usa.gov/About/developer_resources/developers.shtml	0	0
http://www.nasa.gov/mission_pages/dawn/news/dawn20110728.html	0	0
http://clerk.house.gov/evs/2011/roll677.xml	0	0
http://clerk.house.gov/evs/2011/roll677.xml	0	0
http://clerk.house.gov/evs/2011/roll677.xml	0	0
http://www.whitehouse.gov/search/site/"debt limit plan"	1	1
http://berkley.house.gov/2011/07/berkley-republican-default-bill-a-sneak-attack-on-medicare-social-security.shtml	1	0
http://clerk.house.gov/evs/2011/roll677.xml	0	0
http://www.nasa.gov/multimedia/imagegallery/image_feature_2022.html	0	0
http://www.whitehouse.gov/search/site/"debt limit plan"	1	1
http://clerk.house.gov/evs/2011/roll677.xml	0	0
http://www.shrewsbury-ma.gov/egov/gallery/134127368675393.png	0	0
http://www.shrewsbury-ma.gov/egov/gallery/134127368672998.png	0	0
http://clerk.house.gov/evs/2011/roll677.xml	0	0
http://www.spc.noaa.gov/exper/mesoanalysis/s16/muli/muli_sf.gif?1311978926121	0	0
http://www.whitehouse.gov/sites/default/files/fuel_economy_report.pdf	0	0
http://earthobservatory.nasa.gov/NaturalHazards/view.php?id=51502	0	0
http://mcconnell.senate.gov/public/index.cfm?p=PressReleases&ContentRecord_id=0f814fe7-787c-4da7-8026-6456d97a776c&ContentType_id=c19bc7a5-2bb9-4a73-b2ab-3c1b5191a72b&Group_id=0fd6ddca-6a05-4b26-8710-a0b7b59a8f1f&MonthDisplay=7&YearDisplay=2011	0	0
http://lcweb2.loc.gov/ammem/ndlpedu/lessons/psources/source.html	0	0
http://timjohnson.house.gov/index.cfm?sectionid=29&parentid=7&sectiontree=7,29&itemid=456	1	0
http://www.usa.gov/About/developer_resources/developers.shtml	0	0
http://clerk.house.gov/evs/2011/roll677.xml	0	0
http://clerk.house.gov/evs/2011/roll677.xml	0	0
http://www.fbi.gov/washingtondc/press-releases/2011/maryland-woman-sentenced-for-stealing-more-than-30-000-in-checks-from-d.c.-government-office	0	0
http://clerk.house.gov/evs/2011/roll677.xmlRT	0	0
http://clerk.house.gov/evs/2011/roll677.xml	0	0
http://www.treasury.gov/about/Pages/Secretary.aspx	1	0
http://feinstein.senate.gov/public/index.cfm?FuseAction=AboutDianne.Biography	1	0
http://www.srh.noaa.gov/hazards/?wfo=lzk	0	0
http://photojournal.jpl.nasa.gov/catalog/PIA13920	0	0
http://www.nasa.gov/multimedia/imagegallery/image_feature_2023.html	0	0
http://hensarling.house.gov/news/press-releases/2011/07/hensarling-statement-on-passage-of-the-budget-control-act-of-2011.shtml	1	0
http://apod.nasa.gov/apod/ap101112.html	0	0
http://earthobservatory.nasa.gov/NaturalHazards/view.php?id=51502	0	0
http://rooney.house.gov/images/stories/President_Obamas_Plan.pdf	0	0
http://www.nlm.nih.gov/medlineplus/videos/news/fat_fiber_072711.html	0	0
http://www.whitehouse.gov/search/site/"debt limit plan"	1	1
http://clerk.house.gov/evs/2011/roll677.xml	0	0
http://clerk.house.gov/evs/2011/roll677.xmlRT	0	0
http://hutchison.senate.gov/?p=press_release&id=719	1	0
http://poe.house.gov/News/DocumentSingle.aspx?DocumentID=254475	1	0
http://clerk.house.gov/evs/2011/roll677.xml	0	0
http://www.archives.gov/exhibits/whats-cooking/index.html	0	0
http://www.okc.gov/bluegreenalgaeJuly29.html	0	0
http://www.spc.noaa.gov/products/md/md1789.html	0	0
http://www.nasa.gov/audience/forkids/kidsclub/text/Elmo-visits-NASA.html#.TjIC_OGN1OY.twitter	0	0
http://bilirakis.house.gov/	1	0
http://clerk.house.gov/evs/2011/roll677.xml	0	0
http://www.fdic.gov/BANK/INDIVIDUAL/FAILED/heritagebank_P_and_A.pdf	0	0
http://clerk.house.gov/evs/2011/roll677.xml	0	0
http://www.jpl.nasa.gov/news/news.cfm?release=2011-232	0	0
http://www.cpsc.gov/cpscpub/prerel/prhtml11/11232.html	0	0
http://www.michigan.gov/mdard/0,1607,7-125-1572_3628-241157--,00.html	0	0
http://nexus.od.nih.gov/all/2011/07/29/new-podcast-on-appealing-your-review/	0	0
http://clerk.house.gov/evs/2011/roll677.xml	0	0
http://www.whitehouse.gov/search/site/"debt limit plan"	1	1
http://berkley.house.gov/2011/07/berkley-republican-default-bill-a-sneak-attack-on-medicare-social-security.shtml	1	0
http://timjohnson.house.gov/index.cfm?sectionid=29&parentid=7&sectiontree=7,29&itemid=456	1	0
http://www.srh.noaa.gov/hazards/?wfo=lzk	0	0
http://www.whitehouse.gov/sites/default/files/fuel_economy_report.pdf	0	0
http://clerk.house.gov/evs/2011/roll677.xml	0	0
http://www.whitehouse.gov/blog/2011/04/13/president-obama-s-framework-4-trillion-deficit-reduction	1	0
http://clerk.house.gov/evs/2011/roll677.xmlRT	0	0
http://earthobservatory.nasa.gov/NaturalHazards/view.php?id=51502	0	0
http://rooney.house.gov/images/stories/President_Obamas_Plan.pdf	0	0
http://clerk.house.gov/evs/2011/roll677.xml	0	0
http://www.stripes.com/blogs/stripes-central/stripes-central-1.8040/did-you-join-the-military-because-of-9-11-if-so-stars-and-stripes-wants-to-share-your-story-1.150173	1	0
http://www.cancer.gov/ncicancerbulletin/072611/page6?cid=FBen+sf1887699	0	0
http://www.shrewsbury-ma.gov/egov/gallery/134127368675393.png	0	0
http://connolly.house.gov/index.cfm?sectionid=44&sectiontree=6,44&itemid=522	1	0
http://www.whitehouse.gov/search/site/"debt limit plan"	1	1
http://www.shrewsbury-ma.gov/egov/gallery/134127368672998.png	0	0
http://jobview.usajobs.gov/GetJob.aspx?JobID=101054879&JobTitle=Mechanical+Engineer&q=&jbf574=DD07&jbf522=&salmin=&salmax=&paygrademin=&paygrademax=&FedEmp=Y&sort=sl&vw=b&ss=0&brd=3876&FedPub=Y&caller=/agency_search.asp&submit1.x=85&submit1.y=12&pg=1&re=12&AVSDM=2011-07-22+14:50:00	0	0
http://www.treasury.gov/about/Pages/Secretary.aspx	1	0
http://feinstein.senate.gov/public/index.cfm?FuseAction=AboutDianne.Biography	1	0
http://www.nasa.gov/audience/forkids/kidsclub/text/Elmo-visits-NASA.html#.TjIC_OGN1OY.twitter	0	0
http://www.nasa.gov/audience/forkids/kidsclub/text/Elmo-visits-NASA.html	0	0
http://clerk.house.gov/evs/2011/roll677.xml	0	0
http://www.whitehouse.gov/search/site/"debt limit plan"	1	1
http://www.nasa.gov/mission_pages/dawn/news/dawn20110728.html	0	0
http://www.whitehouse.gov/search/site/"debt limit plan"	1	1
http://www.whitehouse.gov/search/site/"debt limit plan"	1	1
http://portal.hud.gov/hudportal/documents/huddoc?id=pih2011-27.pdf	0	0
http://www.nhc.noaa.gov/mobile/sat_zoom/ge_gmex_loop.html	0	0
http://clerk.house.gov/evs/2011/roll677.xml	0	0
http://connolly.house.gov/index.cfm?sectionid=44&sectiontree=6,44&itemid=522	1	0
http://public.health.oregon.gov/ProviderPartnerResources/LocalHealthDepartmentResources/Pages/program-elements.aspx	0	0
http://www.ashevillenc.gov/departments/police/default.aspx?id=10428	0	0
http://www.nndc.bnl.gov/sigma/	0	0
http://www.ada.gov/qasrvc.htm	0	0
http://clerk.house.gov/evs/2011/roll677.xml	0	0
http://www.defenselink.mil/news/newsarticle.aspx?id=55188	0	0
http://www.srh.noaa.gov/hazards/?wfo=lzk	0	0
http://www.whitehouse.gov/search/site/"debt limit plan"	1	1
http://clerk.house.gov/evs/2011/roll677.xml	0	0
http://www.whitehouse.gov/search/site/"debt limit plan"	1	1
http://www.va.gov/health/NewsFeatures/20110513a.asp	0	0
http://hensarling.house.gov/news/press-releases/2011/07/hensarling-statement-on-passage-of-the-budget-control-act-of-2011.shtml	1	0
http://clerk.house.gov/evs/2011/roll677.xml	0	0
http://www.ncbi.nlm.nih.gov/pubmed/8036823	0	0
http://www.nasa.gov/multimedia/imagegallery/image_feature_2021.html	0	0
http://clerk.house.gov/evs/2011/roll677.xml	0	0
http://alexander.senate.gov/public/index.cfm?p=PressReleases&ContentRecord_id=a7a91e1d-c224-4c6b-992e-d0d3d5e8ddb5&ContentType_id=778be7e0-0d5a-42b2-9352-09ed63cc4d66&Group_id=80d87631-7c25-4340-a97a-72cccdd8a658	1	0
http://www.nasa.gov/mission_pages/juno/main/index.html	0	0
http://clerk.house.gov/evs/2011/roll677.xml	0	0
http://timjohnson.house.gov/index.cfm?sectionid=29&parentid=7&sectiontree=7,29&itemid=456	1	0
http://www.whitehouse.gov/search/site/"debt limit plan"	1	1
http://poe.house.gov/News/DocumentSingle.aspx?DocumentID=254475	1	0
http://www.jpl.nasa.gov/news/news.cfm?release=2011-230	0	0
http://earthobservatory.nasa.gov/NaturalHazards/view.php?id=51502	0	0
http://clerk.house.gov/evs/2011/roll677.xml	0	0
http://www.nasa.gov/multimedia/imagegallery/image_feature_2023.html	0	0
http://www.whitehouse.gov/search/site/"debt limit plan"	1	1
http://clerk.house.gov/evs/2011/roll677.xml	0	0
http://www.nasa.gov/mission_pages/dawn/news/dawn20110728.html	0	0
http://clerk.house.gov/evs/2011/roll677.xml	0	0
http://www.whitehouse.gov/blog/2011/04/12/one-million-volunteer-mentors-and-tutors	1	0
http://www.spc.noaa.gov/products/md/md1789.html	0	0
http://www.ed.gov/blog/2011/07/new-webinar-offers-teachers-tools-to-teach-911/?utm_source=twitterfeed&utm_medium=twitter	0	0
http://www.nasa.gov/connect/tweetup/tweetup_ksc_09-07-2011.html	0	0
http://www.nasa.gov/mission_pages/dawn/news/dawn20110728.html	0	0
http://www.whitehouse.gov/blog/2011/04/12/one-million-volunteer-mentors-and-tutors	1	0
http://www.swpc.noaa.gov/rt_plots/xray_5m.html	0	0
http://www.epa.gov/yellowstoneriverspill/	0	0
http://weather.noaa.gov/pub/data/observations/metar/decoded/EKCH.TXT	0	0
http://weather.noaa.gov/pub/data/observations/metar/decoded/EKAH.TXT	0	0
http://clerk.house.gov/evs/2011/roll677.xml	0	0
http://www.srh.noaa.gov/hazards/?wfo=lzk	0	0
http://www.nasa.gov/multimedia/imagegallery/image_feature_2023.html	0	0
http://bennet.senate.gov/petitions/?petition=debtdefault	1	1
http://sanders.senate.gov/newsroom/news/?id=23d554d6-dd0c-41a5-8b80-a95eb72be82a	1	0
http://www.af.mil/news/story.asp?id=123263346	0	0
http://www.nasa.gov/mission_pages/WISE/news/wise20110727.html	0	0
http://www.af.mil/news/story.asp?id=123263796	0	0
http://www.usafa.af.mil/news/story.asp?id=123262475	0	0
http://www.nj.gov/governor/admin/internship.html	0	0
http://www.af.mil/news/story.asp?id=123257425	0	0
http://berkley.house.gov/2011/07/berkley-republican-default-bill-a-sneak-attack-on-medicare-social-security.shtml	1	0
http://www.tax.ok.gov/faq/faqsth016.html	0	0
http://www.ncbi.nlm.nih.gov/pubmed/8772014	0	0
http://www.nasa.gov/multimedia/imagegallery/image_feature_2023.html	0	0
http://www.whitehouse.gov/the-press-office/2011/07/28/statement-vice-president-biden-passing-apostolic-nuncio-united-states-ar	1	0
http://clerk.house.gov/evs/2011/roll677.xml	0	0
http://www.fbi.gov/washingtondc/press-releases/2011/maryland-woman-sentenced-for-stealing-more-than-30-000-in-checks-from-d.c.-government-office?utm_source=twitterfeed&utm_medium=twitter	0	0
http://www.nasa.gov/multimedia/imagegallery/image_feature_2023.html	0	0
http://www.whitehouse.gov/sites/default/files/microsites/ostp/jhm-statement.pdf	0	0
http://www.wv.gov/news/Pages/GovernorSignsProclamationCallingLegislatureintoSpecialSession.aspx	0	0
http://www.niams.nih.gov/Health_Info/Back_Pain/back_pain_ff.asp#g	0	0
http://www.whitehouse.gov/infographics/us-national-debt	1	1
http://www.whitehouse.gov/search/site/"debt limit plan"	1	1
http://www.nasa.gov/multimedia/imagegallery/image_feature_2023.html	0	0
http://www.nasa.gov/multimedia/imagegallery/image_feature_2023.html	0	0
http://www.nasa.gov/mission_pages/shuttle/shuttlemissions/sts135/multimedia/gallery/opf2.html?utm_source=twitterfeed&utm_medium=facebook	0	0
http://www.nasa.gov/multimedia/imagegallery/image_feature_2023.html	0	0
http://www.usa.gov/About/developer_resources/developers.shtml	0	0
http://www.dnr.wa.gov/Publications/amp_rec_ahtanum_state_forest_and_surrounding_area.pdf	0	0
http://burton.house.gov/	1	0
http://foreignaffairs.house.gov/hearings_livestream.asp?secondary	0	0
http://www.tax.ok.gov/faq/faqsth016.html	0	0
http://www.fbi.gov/wanted/kidnap/celina-cass/view	0	0
http://www.whitehouse.gov/blog/2011/07/29/president-obama-announces-new-fuel-economy-standards	1	0
http://www.srh.noaa.gov/hazards/?wfo=lzk	0	0
http://corker.senate.gov/public/index.cfm?p=ContactMe	1	0
http://clerk.house.gov/evs/2011/roll677.xml	0	0
http://clerk.house.gov/evs/2011/roll677.xml	0	0
http://www.nimh.nih.gov/health/publications/the-teen-brain-still-under-construction/index.shtml	0	0
http://clerk.house.gov/evs/2011/roll677.xml	0	0
http://clerk.house.gov/evs/2011/roll677.xml	0	0
http://www.srh.noaa.gov/ridge/radar.php?rid=BRO&product=N0R&overlay=11101111&loop=yes	0	0
http://poe.house.gov/News/DocumentSingle.aspx?DocumentID=254475	1	0
http://travel.state.gov/passport/passport_1738.html	0	0
http://poe.house.gov/News/DocumentSingle.aspx?DocumentID=254475	1	0
http://www.whitehouse.gov/search/site/"debt limit plan"	1	1
http://berkley.house.gov/2011/07/berkley-republican-default-bill-a-sneak-attack-on-medicare-social-security.shtml	1	0
http://www.nasa.gov/mission_pages/chandra/news/H-11-248.html	0	0
http://alexander.senate.gov/public/index.cfm?p=PressReleases&ContentRecord_id=a7a91e1d-c224-4c6b-992e-d0d3d5e8ddb5&ContentType_id=778be7e0-0d5a-42b2-9352-09ed63cc4d66&Group_id=80d87631-7c25-4340-a97a-72cccdd8a658	1	0
http://hensarling.house.gov/news/press-releases/2011/07/hensarling-statement-on-passage-of-the-budget-control-act-of-2011.shtml	1	0
http://lautenberg.senate.gov/newsroom/record.cfm?id=333695	1	0
http://www.va.gov/health/NewsFeatures/20110728a.asp	0	0
http://www.spc.noaa.gov/products/watch/ww0701.html	0	0
http://www.fbi.gov/news/podcasts/thisweek/weapons-of-mass-destruction-directorate-fifth-anniversary/view?utm_medium=twitter&utm_source=twitterfeed	0	0
http://www.okc.gov/bluegreenalgaeJuly29.html	0	0
http://rooney.house.gov/images/stories/President_Obamas_Plan.pdf	0	0
http://clerk.house.gov/evs/2011/roll677.xml	0	0
http://hutchison.senate.gov/?p=press_release&id=719&utm_medium=twitter&utm_source=twitterfeed	1	0
http://www.irs.gov/newsroom/article/0,,id=242812,00.html	0	0
http://www.tax.ok.gov/faq/faqsth016.html	0	0
http://www.tax.ok.gov/faq/faqsth016.html	0	0
http://clerk.house.gov/evs/2011/roll677.xml	0	0
http://www.ncbi.nlm.nih.gov/pubmed/8772014	0	0
http://www.dot.gov/affairs/2011/dot8911.html	0	0
http://www.army.mil/-news/2011/04/28/55696-officers-interested-in-becoming-military-science-professors-may-compete-this-summer/index.html	0	0
http://sanders.senate.gov/newsroom/news/?id=23d554d6-dd0c-41a5-8b80-a95eb72be82a	1	0
http://www.tax.ok.gov/faq/faqsth016.html	0	0
http://www.srh.noaa.gov/hazards/?wfo=lzk	0	0
http://clerk.house.gov/evs/2011/roll677.xml	0	0
http://www.spc.noaa.gov/products/md/md1789.html	0	0
http://www.spc.noaa.gov/products/watch/ww0701.html	0	0
http://hensarling.house.gov/news/press-releases/2011/07/hensarling-statement-on-passage-of-the-budget-control-act-of-2011.shtml	1	0
http://rooney.house.gov/images/stories/President_Obamas_Plan.pdf	0	0
http://clerk.house.gov/evs/2011/roll677.xml	0	0
http://www.fda.gov/NewsEvents/Newsroom/PressAnnouncements/ucm265908.htm	0	0
http://sanders.senate.gov/newsroom/news/?id=23d554d6-dd0c-41a5-8b80-a95eb72be82a	1	0
http://www.jpl.nasa.gov/news/news.cfm?release=2011-232	0	0
http://www.whitehouse.gov/the-press-office/2011/04/13/fact-sheet-presidents-framework-shared-prosperity-and-shared-fiscal-resp	1	0
http://markudall.senate.gov/debtletter/	1	1
http://clerk.house.gov/evs/2011/roll677.xml	0	0
http://www.epa.gov/yellowstoneriverspill/	0	0
http://clerk.house.gov/evs/2011/roll677.xml	0	0
http://clerk.house.gov/evs/2011/roll677.xml	0	0
http://clerk.house.gov/evs/2011/roll677.xml	0	0
http://sanders.senate.gov/newsroom/news/?id=23d554d6-dd0c-41a5-8b80-a95eb72be82a	1	0
http://www.nps.gov	0	0
http://www.seattle.gov/html/citizen/socialmedia.htm	0	0
http://speaker.gov/Components/Redirect/r.aspx?ID=159425-12541252	1	0
http://www.neh.gov/ODH/ODHUpdate/tabid/108/EntryId/164/Announcing-32-New-Start-Up-Grant-Awards-July-2011.aspx	0	0
http://earthobservatory.nasa.gov/NaturalHazards/view.php?id=51502	0	0
http://hensarling.house.gov/news/press-releases/2011/07/hensarling-statement-on-passage-of-the-budget-control-act-of-2011.shtml	1	0
http://www.whitehouse.gov/blog/2011/07/29/time-compromise-now?utm_source=twitterfeed&utm_medium=twitter	1	0
http://hensarling.house.gov/news/press-releases/2011/07/hensarling-statement-on-passage-of-the-budget-control-act-of-2011.shtml	1	0
http://shuler.house.gov/2011/07/rep-shuler-statement-on-speaker-boehners-short-term-debt-limit-extension-plan.shtml	1	1
http://clerk.house.gov/evs/2011/roll677.xml	0	0
http://www.whitehouse.gov/search/site/"debt limit plan"	1	1
http://greshamoregon.gov/news/newstemplate.aspx?id=24693	0	0
http://rooney.house.gov/images/stories/President_Obamas_Plan.pdf	0	0
http://www.ncbi.nlm.nih.gov/pubmed/8772014	0	0
http://clerk.house.gov/evs/2011/roll677.xml	0	0
http://www.mass.gov/?pageID=eopspressrelease&L=3&L0=Home&L1=Public+Safety+Agencies&L2=Massachusetts+State+Police&sid=Eeops&b=pressrelease&f=2011_msp_pr_2011_Jun_29_State_Police_Arrest_Wanted_Man_After_Lengthy_Search&csid=Eeops	0	0
http://www.jpl.nasa.gov/news/news.cfm?release=2011-232	0	0
http://www.srh.noaa.gov/hazards/?wfo=lzk	0	0
http://www.epa.gov/yellowstoneriverspill/	0	0
http://markudall.senate.gov/debtletter/	1	1
http://clerk.house.gov/evs/2011/roll677.xml	0	0
http://berkley.house.gov/2011/07/berkley-republican-default-bill-a-sneak-attack-on-medicare-social-security.shtml	1	0
http://sanders.senate.gov/newsroom/news/?id=23d554d6-dd0c-41a5-8b80-a95eb72be82a	1	0
http://sanders.senate.gov/newsroom/news/?id=23d554d6-dd0c-41a5-8b80-a95eb72be82a	1	0
http://www.jpl.nasa.gov/images/earth/volcano/erebus-browse.jpg	0	0
http://www.whitehouse.gov/youthcall	1	0
http://clerk.house.gov/evs/2011/roll677.xml	0	0
http://www.roanokeva.gov/85256A8D0062AF37/vwContentByKey/N28C7LHH896JBEDEN	0	0
http://clerk.house.gov/evs/2011/roll677.xml#N	0	0
http://www.whitehouse.gov/blog/2011/07/29/time-compromise-now?utm_source=twitterfeed&utm_medium=twitter	1	0
http://photojournal.jpl.nasa.gov/catalog/PIA14309	0	0
http://www.nsf.gov/news/news_summ.jsp?cntn_id=121209&WT.mc_id=USNSF_195&WT.mc_ev=click	0	0
http://clerk.house.gov/evs/2011/roll677.xml	0	0
http://clerk.house.gov/evs/2011/roll677.xml	0	0
http://www.in.gov/fssa/files/MedicaidOversightpresentation082108.pdf	0	0
http://www.spc.noaa.gov/products/watch/ww0701.html	0	0
http://clerk.house.gov/evs/2011/roll677.xml	0	0
http://www.hpc.ncep.noaa.gov/nationalfloodoutlook/	0	0
http://www.epa.gov/yellowstoneriverspill/	0	0
http://www.ssd.noaa.gov/goes/flt/t1/flash-rb.html	0	0
http://bennet.senate.gov/petitions/?petition=debtdefault	1	1
http://www.epa.gov/yellowstoneriverspill/	0	0
http://www.wrh.noaa.gov/fgz/DSS/schultzradar.php?wfo=fgz	0	0
http://sanders.senate.gov/newsroom/news/?id=23d554d6-dd0c-41a5-8b80-a95eb72be82a	1	0
http://www.nps.gov	0	0
http://clerk.house.gov/evs/2011/roll677.xml	0	0
http://clerk.house.gov/evs/2011/roll677.xml	0	0
http://www.nasa.gov/centers/dryden/status_reports/king_air_equiped_with_ams.html	0	0
http://www.whitehouse.gov/blog/2011/07/29/over-15-million-records-released	1	0
http://www.nasa.gov/audience/forkids/kidsclub/text/Elmo-visits-NASA.html#.TjIC_OGN1OY.twitter	0	0
http://www.srh.noaa.gov/hazards/?wfo=lzk	0	0
http://markudall.senate.gov/debtletter/	1	1
http://clerk.house.gov/evs/2011/roll677.xml	0	0
http://hensarling.house.gov/news/press-releases/2011/07/hensarling-statement-on-passage-of-the-budget-control-act-of-2011.shtml	1	0
http://www.whitehouse.gov/sites/default/files/microsites/ostp/jhm-statement.pdf	0	0
http://www.okc.gov/bluegreenalgaeJuly29.html	0	0
http://www.nasa.gov/mission_pages/shuttle/shuttlemissions/sts135/launch/sts-135_mission-overview.html	0	0
http://apod.nasa.gov/apod/ap110729.html	0	0
http://clerk.house.gov/evs/2011/roll677.xml	0	0
http://www.whitehouse.gov/search/site/"debt limit plan"	1	1
http://www.ncbi.nlm.nih.gov/pubmed/8772014	0	0
http://www.tax.ok.gov/faq/faqsth016.html	0	0
http://www.nhc.noaa.gov/#DON	0	0
http://hensarling.house.gov/news/press-releases/2011/07/hensarling-statement-on-passage-of-the-budget-control-act-of-2011.shtml	1	0
http://poe.house.gov/News/DocumentSingle.aspx?DocumentID=254475	1	0
http://www.shrewsbury-ma.gov/egov/gallery/134127368672998.png	0	0
http://www.shrewsbury-ma.gov/egov/gallery/134127368675393.png	0	0
http://durbin.senate.gov/public/index.cfm/social-media-user-agreement	0	0
http://epw.senate.gov/public/index.cfm?FuseAction=Minority.PressReleases&ContentRecord_id=775ce9e0-802a-23ad-45a4-92f7099822ad	0	0
http://clerk.house.gov/evs/2011/roll677.xml	0	0
http://grants.nih.gov/grants/guide/notice-files/NOT-OD-11-101.html	0	0
http://earthobservatory.nasa.gov/IOTD/view.php?id=2561	0	0
http://www.nhc.noaa.gov/refresh/graphics_at4+shtml/143314.shtml?5-daynl?large#contents	0	0
http://burton.house.gov/	1	0
http://www.stripes.com/news/pacific/guam/delay-in-troop-movement-to-guam-might-be-a-good-thing-project-director-says-1.149318	1	0
http://www.epa.gov/planandbudget/annualplan/fy2012.html	0	0
http://www.usa.gov/About/developer_resources/developers.shtml	0	0
http://clerk.house.gov/evs/2011/roll677.xml	0	0
http://www.loc.gov/today/pr/2011/11-139.html?utm_source=twitterfeed&utm_medium=twitter	0	0
http://www.usa.gov/About/developer_resources/developers.shtml	0	0
http://hensarling.house.gov/news/press-releases/2011/07/hensarling-statement-on-passage-of-the-budget-control-act-of-2011.shtml	1	0
http://www.whitehouse.gov/search/site/"debt limit plan"	1	1
http://clerk.house.gov/evs/2011/roll677.xml	0	0
http://antwrp.gsfc.nasa.gov/apod/	0	0
http://my.sfwmd.gov/cmsdk/content/ifs/apps/RegDocFolder/CalculationsDesignPlansEngineering/071001-29_AllPlans_206248.PDF	0	0
http://www.nhc.noaa.gov/refresh/graphics_at4+shtml/203612.shtml?5-daynl	0	0
http://greshamoregon.gov/news/newstemplate.aspx?id=24693	0	0
http://www.swpc.noaa.gov/rt_plots/xray_5m.html	0	0
http://www.nasa.gov/mission_pages/shuttle/shuttlemissions/sts135/multimedia/gallery/fd12atlantis2.html?utm_source=twitterfeed&utm_medium=facebook	0	0
http://www.srh.noaa.gov/hazards/?wfo=lzk	0	0
http://www.jpl.nasa.gov/news/news.cfm?release=2011-230	0	0
http://www.nasa.gov/multimedia/imagegallery/image_feature_2023.html#.TjM9YnS2dBg.twitter	0	0
http://earthobservatory.nasa.gov/NaturalHazards/view.php?id=51502	0	0
http://greshamoregon.gov/news/newstemplate.aspx?id=24693	0	0
http://clerk.house.gov/evs/2011/roll677.xml	0	0
http://www.whitehouse.gov/blog/2011/07/29/president-obama-calls-american-people-make-their-voices-heard?utm_source=email124&utm_medium=graphic&utm_campaign=deficit	1	0
http://sec.gov/Archives/edgar/data/1080747/000118811211001947/d28402.htm	1	0
http://www.nasa.gov/multimedia/imagegallery/image_feature_2023.html#.TjM9YnS2dBg.twitter	0	0
http://www.tax.ok.gov/faq/faqsth016.html	0	0
http://brc.gov/sites/default/files/documents/brc_draft_report_29jul2011.pdf	0	0
http://www.spc.noaa.gov/products/watch/ww0701.html	0	0
http://clerk.house.gov/evs/2011/roll677.xml	0	0
http://www.seattle.gov/html/citizen/socialmedia.htm	0	0
http://www.hpc.ncep.noaa.gov/nationalfloodoutlook/	0	0
http://www.fbi.gov/washingtondc/press-releases/2011/montgomery-county-man-pleads-guilty-to-sex-trafficking-of-juvenile	0	0
http://www.mass.gov/?pageID=eopspressrelease&L=3&L0=Home&L1=Public+Safety+Agencies&L2=Massachusetts+State+Police&sid=Eeops&b=pressrelease&f=2011_msp_pr_2011_Jun_29_State_Police_Arrest_Wanted_Man_After_Lengthy_Search&csid=Eeops	0	0
http://www-pao.ksc.nasa.gov/kscpao/nasafact/pdf/LandingSS-2005.pdf	0	0
http://www.nasa.gov/audience/forkids/kidsclub/text/Elmo-visits-NASA.html#.TjIC_OGN1OY.twitter	0	0
http://www.whitehouse.gov/search/site/"debt limit plan"	1	1
http://www.sec.gov/Archives/edgar/data/1278308/000130901411000216/exhibit1.htm	0	0
http://www.nasa.gov/mission_pages/dawn/news/dawn20110728.html	0	0
http://www.nasa.gov/audience/forkids/kidsclub/text/Elmo-visits-NASA.html	0	0
http://portal.hud.gov/hudportal/HUD?src=/press/press_releases_media_advisories/2011/HUDNo.11-160	0	0
http://clerk.house.gov/evs/2011/roll677.xml	0	0
http://www.parks.ca.gov/?page_id=478	0	0
http://hensarling.house.gov/news/press-releases/2011/07/hensarling-statement-on-passage-of-the-budget-control-act-of-2011.shtml	1	0
http://www.whitehouse.gov/search/site/"debt limit plan"	1	1
http://timjohnson.house.gov/index.cfm?sectionid=29&parentid=7&sectiontree=7,29&itemid=456	1	0
http://www.epa.gov/greenpower/toplists/top20onsite.htm	0	0
http://clerk.house.gov/evs/2011/roll677.xml	0	0
http://smokefree.gov/mondaychallenge/default.aspx	0	0
http://www.whitehouse.gov/search/site/"debt limit plan"	1	1
http://www.hpc.ncep.noaa.gov/nationalfloodoutlook/	0	0
http://www.srh.noaa.gov/hazards/?wfo=lzk	0	0
http://www.whitehouse.gov/search/site/"debt limit plan"	1	1
http://durbin.senate.gov/public/index.cfm/social-media-user-agreement	0	0
http://burton.house.gov/	1	0
http://www.whitehouse.gov/search/site/"debt limit plan"	1	1
http://www.navy.com/?youtubebkg	0	0
http://www.nasa.gov/multimedia/imagegallery/image_feature_2023.html	0	0
http://www.nasa.gov/multimedia/imagegallery/image_feature_2023.html	0	0
http://www.nasa.gov/multimedia/imagegallery/image_feature_2023.html	0	0
http://burton.house.gov/	1	0
http://foreignaffairs.house.gov/hearings_livestream.asp?secondary	0	0
http://www.whitehouse.gov/search/site/"debt limit plan"	1	1
http://www.tax.ok.gov/faq/faqsth016.html	0	0
http://clerk.house.gov/evs/2011/roll677.xml	0	0
http://greshamoregon.gov/news/newstemplate.aspx?id=24693	0	0
http://www.uscis.gov/portal/site/uscis-es/menuitem.88b9a0d53f10bd18d52fae1074a191a0/?vgnextoid=a5319eb807a65210VgnVCM100000082ca60aRCRD&vgnextchannel=8fcc95c7f6ea3210VgnVCM100000b92ca60aRCRD	0	0
http://clerk.house.gov/evs/2011/roll677.xml	0	0
http://carper.senate.gov/public/index.cfm?p=reducing-the-deficit-and-debt	1	1
http://www.whitehouse.gov/search/site/"debt limit plan"	1	1
http://www.whitehouse.gov/blog/2011/07/26/deficit-crisis-state-and-local-officials-call-balanced-approach?utm_source=twitterfeed&utm_medium=twitter	1	0
http://www.jpl.nasa.gov/images/earth/volcano/erebus-browse.jpg	0	0
http://bioguide.congress.gov/bioguide/photo/S/S000018.jpg	0	0
http://www.nhc.noaa.gov/refresh/graphics_at4+shtml/143314.shtml?5-daynl?large#contents	0	0
http://www.nasa.gov/multimedia/imagegallery/image_feature_2023.html	0	0
http://sanders.senate.gov/newsroom/news/?id=23d554d6-dd0c-41a5-8b80-a95eb72be82a	1	0
http://www.business.gov/start/green-business/green-guide.html	0	0
http://www.srh.noaa.gov/hazards/?wfo=lzk	0	0
http://mcconnell.senate.gov/public/index.cfm?p=PressReleases&ContentRecord_id=0f814fe7-787c-4da7-8026-6456d97a776c	0	0
http://www.whitehouse.gov/infographics/us-national-debt	1	1
http://www.nasa.gov/centers/dryden/status_reports/king_air_equiped_with_ams.html	0	0
http://www.ncbi.nlm.nih.gov/pubmed/21527487?dopt=Abstract	0	0
http://www.nasa.gov/centers/dryden/status_reports/king_air_equiped_with_ams.html	0	0
http://www.nasa.gov/centers/dryden/status_reports/king_air_equiped_with_ams.html	0	0
http://www.whitehouse.gov/blog/2011/07/25/president-obama-deficit-reduction-requires-tackling-entitlements-and-tax-reform?utm_source=twitterfeed&utm_medium=twitter	1	0
http://hensarling.house.gov/news/press-releases/2011/07/hensarling-statement-on-passage-of-the-budget-control-act-of-2011.shtml	1	0
http://www.ncbi.nlm.nih.gov/pubmed/8772014	0	0
http://clerk.house.gov/evs/2011/roll677.xml	0	0
http://www.nasa.gov/multimedia/imagegallery/image_feature_2023.html	0	0
http://www.whitehouse.gov/photos-and-video/video/2011/07/25/president-obama-addresses-council-la-raza	1	0
http://www.whitehouse.gov/infographics/us-national-debt	1	1
http://rooney.house.gov/images/stories/President_Obamas_Plan.pdf	0	0
http://www.weather.gov/view/prodsByState.php?state=CT&prodtype=public	0	0
http://forecast.weather.gov/product.php?site=NWS&format=CI&version=1&glossary=0&highlight=off&issuedby=BOX&product=PNS	0	0
http://www.boe.ca.gov/news/pdf/l285.pdf	0	0
http://www.navy.mil/search/display.asp?story_id=61045	0	0
http://sanders.senate.gov/newsroom/news/?id=23d554d6-dd0c-41a5-8b80-a95eb72be82a	1	0
http://www.whitehouse.gov/search/site/"debt limit plan"	1	1
http://www.whitehouse.gov/blog/2011/07/29/president-obama-announces-new-fuel-economy-standards	1	0
http://www.nasa.gov/centers/dryden/status_reports/king_air_equiped_with_ams.html	0	0
http://grin.hq.nasa.gov/IMAGES/SMALL/GPN-2000-001240.jpg	0	0
http://www.uspto.gov/trademarks/notices/uspto_speaks_electronic_communications.jsp	0	0
http://clerk.house.gov/evs/2011/roll677.xml	0	0
http://www.fema.gov/plan/prevent/howto/index.shtm?sm=twitter&date=072911	0	0
http://www.nasa.gov/multimedia/videogallery/index.html?media_id=102483531	0	0
http://www.whitehouse.gov/blog/2011/07/29/state-and-local-officials-join-call-compromise?utm_source=twitterfeed&utm_medium=twitter	1	0
http://markudall.senate.gov/debtletter/	1	1
http://www.tax.ok.gov/faq/faqsth016.html	0	0
http://clerk.house.gov/evs/2011/roll677.xml	0	0
http://clerk.house.gov/evs/2011/roll677.xml	0	0
http://hensarling.house.gov/news/press-releases/2011/07/hensarling-statement-on-passage-of-the-budget-control-act-of-2011.shtml	1	0
http://www.whitehouse.gov/blog/2011/07/29/time-compromise-now?utm_source=twitterfeed&utm_medium=twitter	1	0
http://www.archives.gov/exhibits/whats-cooking/index.html	0	0
http://www.panynj.gov/path/contact_us.cfm	0	0
http://www.whitehouse.gov/sites/default/files/fuel_economy_report.pdf	0	0
http://www.srh.noaa.gov/hazards/?wfo=lzk	0	0
http://clerk.house.gov/evs/2011/roll677.xml	0	0
http://www.whitehouse.gov/search/site/"debt limit plan"	1	1
http://speaker.gov/Components/Redirect/r.aspx?ID=159425-12541252	1	0
http://greshamoregon.gov/news/newstemplate.aspx?id=24693	0	0
http://earthobservatory.nasa.gov/NaturalHazards/view.php?id=51502	0	0
http://www.boe.ca.gov/news/pdf/l285.pdf	0	0
http://edworkforce.house.gov/News/DocumentSingle.aspx?DocumentID=254294	1	0
http://edworkforce.house.gov/News/DocumentSingle.aspx?DocumentID=254294	1	0
http://sanders.senate.gov/newsroom/news/?id=23d554d6-dd0c-41a5-8b80-a95eb72be82a	1	0
http://edworkforce.house.gov/News/DocumentSingle.aspx?DocumentID=254294	1	0
http://edworkforce.house.gov/News/DocumentSingle.aspx?DocumentID=254294	1	0
http://www.jpl.nasa.gov/news/news.cfm?release=2011-214	0	0
http://www.whitehouse.gov/sites/default/files/microsites/ostp/jhm-statement.pdf	0	0
http://berkley.house.gov/2011/07/berkley-republican-default-bill-a-sneak-attack-on-medicare-social-security.shtml	1	0
http://www.nasa.gov/audience/forkids/kidsclub/text/Elmo-visits-NASA.html	0	0
http://sanders.senate.gov/newsroom/news/?id=23d554d6-dd0c-41a5-8b80-a95eb72be82a	1	0
http://www.navy.mil/management/photodb/thumbnails/thumb_080507-N-5025C-003.jpg	0	0
http://www.whitehouse.gov/the-press-office/2011/07/29/president-obama-announces-more-key-administration-posts	1	0
http://www.listo.gov/america/beinformed/earthquakes.html	0	0
http://grin.hq.nasa.gov/IMAGES/SMALL/GPN-2000-001240.jpg	0	0
http://earthobservatory.nasa.gov/NaturalHazards/view.php?id=51502	0	0
